"date_number","fish_stock","month","state"
0.00077532976611316,7.36364672082664,2000-01-01,"Massachusetts"
0.0108973674733503,11.966278796031,2000-02-01,"Massachusetts"
0.0194824134305838,9.98877923962379,2000-03-01,"Massachusetts"
0.0331041076453591,13.279500188652,2000-04-01,"Massachusetts"
0.0832636298965412,9.62725772824148,2000-05-01,"Massachusetts"
0.0842043770432176,6.57739083070937,2000-06-01,"Massachusetts"
0.0901856514527995,7.93956320577141,2000-07-01,"Massachusetts"
0.0926790793386133,12.026646789888,2000-08-01,"Massachusetts"
0.0992840089784335,10.9431143467806,2000-09-01,"Massachusetts"
0.10615498195833,11.211244348513,2000-10-01,"Massachusetts"
0.107291976512967,9.69578510651653,2000-11-01,"Massachusetts"
0.123016837596144,6.75007828900999,2000-12-01,"Massachusetts"
0.133879815824569,10.535549459089,2001-01-01,"Massachusetts"
0.137052564549053,12.8620175506542,2001-02-01,"Massachusetts"
0.139784187381663,12.4212498373079,2001-03-01,"Massachusetts"
0.143885393250054,10.2015921879014,2001-04-01,"Massachusetts"
0.160762922468551,10.7009611092203,2001-05-01,"Massachusetts"
0.185000182889332,13.8277590683443,2001-06-01,"Massachusetts"
0.195149171195775,9.56480969323239,2001-07-01,"Massachusetts"
0.195349107829616,7.92382603127189,2001-08-01,"Massachusetts"
0.213835047247872,7.32939065154644,2001-09-01,"Massachusetts"
0.229318033743065,9.55074471178551,2001-10-01,"Massachusetts"
0.236639305999031,10.8184736574497,2001-11-01,"Massachusetts"
0.247428730291366,12.5543652434148,2001-12-01,"Massachusetts"
0.256733619134985,10.1407581561776,2002-01-01,"Massachusetts"
0.259952387530401,9.67911912861516,2002-02-01,"Massachusetts"
0.264241630062147,8.42310889233762,2002-03-01,"Massachusetts"
0.266644111138977,15.5526667992256,2002-04-01,"Massachusetts"
0.275813818917637,10.2295786561374,2002-05-01,"Massachusetts"
0.278415475817221,10.2947869843099,2002-06-01,"Massachusetts"
0.281689025944814,10.8229095213648,2002-07-01,"Massachusetts"
0.310077698229066,15.2155473364545,2002-08-01,"Massachusetts"
0.315440462075541,13.3897810865215,2002-09-01,"Massachusetts"
0.324533257283339,9.05848303742188,2002-10-01,"Massachusetts"
0.327828378105035,10.9101623092457,2002-11-01,"Massachusetts"
0.347563815684132,10.4789595529643,2002-12-01,"Massachusetts"
0.349297727220717,10.1225525142482,2003-01-01,"Massachusetts"
0.352019406561117,11.7832730830659,2003-02-01,"Massachusetts"
0.362999541592869,7.83555410882102,2003-03-01,"Massachusetts"
0.363593434564957,11.0950861318823,2003-04-01,"Massachusetts"
0.371220577836727,12.7677429257769,2003-05-01,"Massachusetts"
0.372975459609327,11.118074183086,2003-06-01,"Massachusetts"
0.376107180997736,10.7094283673202,2003-07-01,"Massachusetts"
0.385605699173506,11.228292242281,2003-08-01,"Massachusetts"
0.399604099129951,11.3917723651064,2003-09-01,"Massachusetts"
0.406260298970247,11.4131650664425,2003-10-01,"Massachusetts"
0.418149294595952,11.1741694803114,2003-11-01,"Massachusetts"
0.441590148717072,6.62229702019724,2003-12-01,"Massachusetts"
0.443378571694351,14.2336318365087,2004-01-01,"Massachusetts"
0.456791357439025,8.95105185744083,2004-02-01,"Massachusetts"
0.483797458898834,10.0857663030325,2004-03-01,"Massachusetts"
0.495604570430484,12.0896317346485,2004-04-01,"Massachusetts"
0.504006381542083,11.7348689010559,2004-05-01,"Massachusetts"
0.523345285287685,9.48152750912914,2004-06-01,"Massachusetts"
0.525360974776479,11.4378008444232,2004-07-01,"Massachusetts"
0.55816653712776,10.7782984542772,2004-08-01,"Massachusetts"
0.562241372162518,12.1299761501057,2004-09-01,"Massachusetts"
0.574573005910773,13.6280691093053,2004-10-01,"Massachusetts"
0.581200791524406,9.96481837433154,2004-11-01,"Massachusetts"
0.587657624223302,12.3322283447708,2004-12-01,"Massachusetts"
0.588538455946458,15.1979257286717,2005-01-01,"Massachusetts"
0.598173639148858,13.6946506544967,2005-02-01,"Massachusetts"
0.604363671082617,10.6193974704059,2005-03-01,"Massachusetts"
0.610884486160502,12.43434459089,2005-04-01,"Massachusetts"
0.614015479446147,11.9687643538431,2005-05-01,"Massachusetts"
0.637388691350444,13.6137024762487,2005-06-01,"Massachusetts"
0.662103478036938,8.50037906058555,2005-07-01,"Massachusetts"
0.682529320760411,12.686722607563,2005-08-01,"Massachusetts"
0.714167291996071,18.1262604050253,2005-09-01,"Massachusetts"
0.73000603408977,13.3576212145984,2005-10-01,"Massachusetts"
0.737145570924876,14.2260605069587,2005-11-01,"Massachusetts"
0.777289485551234,12.7784637609344,2005-12-01,"Massachusetts"
0.814663226628157,15.1068960791443,2006-01-01,"Massachusetts"
0.815528322484979,11.0660877866195,2006-02-01,"Massachusetts"
0.877414910407171,12.6667162229281,2006-03-01,"Massachusetts"
0.890276870833441,14.7765503545165,2006-04-01,"Massachusetts"
0.921872384601548,10.5036317778276,2006-05-01,"Massachusetts"
0.92344551751067,10.5449737695389,2006-06-01,"Massachusetts"
0.926642645365096,14.9125625827271,2006-07-01,"Massachusetts"
1.04419584580479,12.6624462648018,2006-08-01,"Massachusetts"
1.05321017460017,13.6529358699449,2006-09-01,"Massachusetts"
1.05716238283598,14.3714037970036,2006-10-01,"Massachusetts"
1.09452570203323,12.3768985922126,2006-11-01,"Massachusetts"
1.09995431015221,17.644383947765,2006-12-01,"Massachusetts"
1.10467322147609,17.0257960620963,2007-01-01,"Massachusetts"
1.12388269094285,13.0043143146762,2007-02-01,"Massachusetts"
1.12462770119688,15.0799828040623,2007-03-01,"Massachusetts"
1.1336815058875,12.8069629449032,2007-04-01,"Massachusetts"
1.13402443333768,17.4568919379841,2007-05-01,"Massachusetts"
1.13504946334583,14.262865960991,2007-06-01,"Massachusetts"
1.22836168792606,14.3912478229444,2007-07-01,"Massachusetts"
1.23977015668765,14.738610961628,2007-08-01,"Massachusetts"
1.25629240841949,13.896936756782,2007-09-01,"Massachusetts"
1.30167231471272,19.7825830822012,2007-10-01,"Massachusetts"
1.32235165779734,17.2950862280434,2007-11-01,"Massachusetts"
1.34863327745985,15.0341471966526,2007-12-01,"Massachusetts"
1.40445269561383,15.6752270277591,2008-01-01,"Massachusetts"
1.42766931872689,15.2258327520345,2008-02-01,"Massachusetts"
1.43767506072053,12.993395427594,2008-03-01,"Massachusetts"
1.48369438702764,12.3926524962257,2008-04-01,"Massachusetts"
1.49047982441663,19.4236915394362,2008-05-01,"Massachusetts"
1.52453339743693,16.5495702824902,2008-06-01,"Massachusetts"
1.53932595199146,17.1033135540231,2008-07-01,"Massachusetts"
1.55433050436138,14.7959992339638,2008-08-01,"Massachusetts"
1.56184744896852,21.5366076760353,2008-09-01,"Massachusetts"
1.56690215846394,20.2104974443006,2008-10-01,"Massachusetts"
1.5786567431437,14.3299769414696,2008-11-01,"Massachusetts"
1.6650457681475,15.0603509673666,2008-12-01,"Massachusetts"
1.66903226312813,13.545674959373,2009-01-01,"Massachusetts"
1.71117029064217,18.182418636625,2009-02-01,"Massachusetts"
1.73638754446503,17.2223070528914,2009-03-01,"Massachusetts"
1.74355772177825,15.8820432362855,2009-04-01,"Massachusetts"
1.79959035562613,16.0299751130923,2009-05-01,"Massachusetts"
1.86661973542618,15.9188082305148,2009-06-01,"Massachusetts"
1.93028806706818,19.5359101074093,2009-07-01,"Massachusetts"
1.97620425226634,15.0774258618143,2009-08-01,"Massachusetts"
2.0293976874819,19.2029953950064,2009-09-01,"Massachusetts"
2.15797634645293,15.1441362492335,2009-10-01,"Massachusetts"
2.33334289058291,16.7979043763509,2009-11-01,"Massachusetts"
2.64546296140549,21.0223887369304,2009-12-01,"Massachusetts"
2.86425347097699,22.6257354155553,2010-01-01,"Massachusetts"
0.0161820978623997,22.5071219536,2010-02-01,"Massachusetts"
0.0164876663704237,20.2905485307706,2010-03-01,"Massachusetts"
0.0352262105738387,22.3409614708893,2010-04-01,"Massachusetts"
0.0366328817417948,17.7680582880147,2010-05-01,"Massachusetts"
0.0447863515673262,19.9838673103158,2010-06-01,"Massachusetts"
0.0462894722518358,22.1131381850171,2010-07-01,"Massachusetts"
0.0808356680870176,23.2021458594088,2010-08-01,"Massachusetts"
0.0934471083717906,22.0212806412594,2010-09-01,"Massachusetts"
0.100958955067709,22.3424591779918,2010-10-01,"Massachusetts"
0.104797337374651,23.5133454661553,2010-11-01,"Massachusetts"
0.110252678245534,23.1107227258381,2010-12-01,"Massachusetts"
0.125708473861884,24.5861908815708,2011-01-01,"Massachusetts"
0.134383725967589,22.1109582114331,2011-02-01,"Massachusetts"
0.135379520435811,25.8090349705251,2011-03-01,"Massachusetts"
0.14444373907344,22.2750134787696,2011-04-01,"Massachusetts"
0.148123008156585,24.2620552452759,2011-05-01,"Massachusetts"
0.17002608292469,22.2444257053308,2011-06-01,"Massachusetts"
0.194527541614768,22.9195045553256,2011-07-01,"Massachusetts"
0.20680067268949,25.3037160066439,2011-08-01,"Massachusetts"
0.209598328254703,23.3695181466914,2011-09-01,"Massachusetts"
0.211438649140468,25.4232503682903,2011-10-01,"Massachusetts"
0.2249382414496,27.0306106269037,2011-11-01,"Massachusetts"
0.239859874702575,26.7094803516817,2011-12-01,"Massachusetts"
0.255110300995582,28.0851367112976,2012-01-01,"Massachusetts"
0.259203570898103,28.4773817164057,2012-02-01,"Massachusetts"
0.267559079985937,26.6814119483641,2012-03-01,"Massachusetts"
0.316862794457974,27.7271745081087,2012-04-01,"Massachusetts"
0.330781415608115,32.4402933920665,2012-05-01,"Massachusetts"
0.332938007064665,28.764000484665,2012-06-01,"Massachusetts"
0.34473112704785,32.1449457982738,2012-07-01,"Massachusetts"
0.368321870533519,31.158897222845,2012-08-01,"Massachusetts"
0.374517329894062,30.540319009085,2012-09-01,"Massachusetts"
0.406006177343301,33.2346206436154,2012-10-01,"Massachusetts"
0.406979187212787,33.1091175999246,2012-11-01,"Massachusetts"
0.409332087136143,32.3800031638588,2012-12-01,"Massachusetts"
0.415180183872316,32.5975643729462,2013-01-01,"Massachusetts"
0.415772207621402,32.25621810611,2013-02-01,"Massachusetts"
0.430176128556148,33.3016456530089,2013-03-01,"Massachusetts"
0.437928505177684,30.7529602349259,2013-04-01,"Massachusetts"
0.44387805364285,33.9167752170655,2013-05-01,"Massachusetts"
0.46838631498776,36.0409294900808,2013-06-01,"Massachusetts"
0.472363240807952,36.0345971688184,2013-07-01,"Massachusetts"
0.488443530046987,36.1952223365011,2013-08-01,"Massachusetts"
0.497138542358505,34.7946941280383,2013-09-01,"Massachusetts"
0.497791696436735,34.1437634794381,2013-10-01,"Massachusetts"
0.510575226617467,40.0903127941213,2013-11-01,"Massachusetts"
0.51158136727052,34.9163673641002,2013-12-01,"Massachusetts"
0.533250107431457,36.9729660503682,2014-01-01,"Massachusetts"
0.534221493778857,32.2477652893984,2014-02-01,"Massachusetts"
0.543218453178009,35.099650569353,2014-03-01,"Massachusetts"
0.559090139425948,36.9781539147248,2014-04-01,"Massachusetts"
0.561485253185557,36.547170708398,2014-05-01,"Massachusetts"
0.58129122996567,37.7372317995322,2014-06-01,"Massachusetts"
0.586206737168157,37.4753045029973,2014-07-01,"Massachusetts"
0.591868899460218,38.90560717857,2014-08-01,"Massachusetts"
0.617139748373163,39.5208546475711,2014-09-01,"Massachusetts"
0.624372531033352,38.3458173220269,2014-10-01,"Massachusetts"
0.637075445161174,40.42455144177,2014-11-01,"Massachusetts"
0.643279877865158,39.2106775628855,2014-12-01,"Massachusetts"
0.661286296090752,40.158197971023,2015-01-01,"Massachusetts"
0.670091531542327,40.226980252794,2015-02-01,"Massachusetts"
0.675758898685514,35.4855394895663,2015-03-01,"Massachusetts"
0.69072058950871,40.128028558592,2015-04-01,"Massachusetts"
0.697697529197582,40.5575596872438,2015-05-01,"Massachusetts"
0.721271039060109,39.4999034498474,2015-06-01,"Massachusetts"
0.721421752316895,44.0639236013634,2015-07-01,"Massachusetts"
0.722658428614557,41.5464809642429,2015-08-01,"Massachusetts"
0.740693409142437,42.1090569673331,2015-09-01,"Massachusetts"
0.755348085229966,40.5580176349048,2015-10-01,"Massachusetts"
0.764241308585974,38.0498031089655,2015-11-01,"Massachusetts"
0.764490927580956,43.3833873474811,2015-12-01,"Massachusetts"
0.772575827644703,43.7365160386435,2016-01-01,"Massachusetts"
0.808677631631742,44.5191494238607,2016-02-01,"Massachusetts"
0.819571646657181,45.6897294012799,2016-03-01,"Massachusetts"
0.842012964692322,47.3254774771706,2016-04-01,"Massachusetts"
0.875600195803659,43.3516470649894,2016-05-01,"Massachusetts"
0.883332520141884,46.9189585985052,2016-06-01,"Massachusetts"
0.897876220773856,46.6117506032334,2016-07-01,"Massachusetts"
0.899624882820081,47.9364620014331,2016-08-01,"Massachusetts"
0.900351229045856,46.3579227343219,2016-09-01,"Massachusetts"
0.929616985302448,50.3220481615945,2016-10-01,"Massachusetts"
0.943786707369875,49.4812209272155,2016-11-01,"Massachusetts"
1.0012970618535,50.9802048883319,2016-12-01,"Massachusetts"
1.01519935536164,50.0600149450462,2017-01-01,"Massachusetts"
1.05739268276315,48.0638471838951,2017-02-01,"Massachusetts"
1.09605087709106,53.241672763707,2017-03-01,"Massachusetts"
1.17778837255252,54.0706949499971,2017-04-01,"Massachusetts"
1.20284073199005,58.2646814284271,2017-05-01,"Massachusetts"
1.22603659666759,57.7989789088452,2017-06-01,"Massachusetts"
1.26876620240171,56.857976003172,2017-07-01,"Massachusetts"
1.2816930850484,54.5936160822497,2017-08-01,"Massachusetts"
1.30215255124319,56.2805798802284,2017-09-01,"Massachusetts"
1.31822401178604,60.0325643059412,2017-10-01,"Massachusetts"
1.32072455229428,59.8294445975061,2017-11-01,"Massachusetts"
1.33481355657148,58.8412918347975,2017-12-01,"Massachusetts"
1.34977078675523,60.3636995037246,2018-01-01,"Massachusetts"
1.37591298671939,60.84672154901,2018-02-01,"Massachusetts"
1.38540393453729,61.7351158030486,2018-03-01,"Massachusetts"
1.40812937120546,63.7987710530494,2018-04-01,"Massachusetts"
1.45856952055744,64.9435699464512,2018-05-01,"Massachusetts"
1.50054702133715,65.5744982935263,2018-06-01,"Massachusetts"
1.53631103326376,62.8393726233301,2018-07-01,"Massachusetts"
1.63147011519016,66.5678001925513,2018-08-01,"Massachusetts"
1.66602766653597,70.860062113354,2018-09-01,"Massachusetts"
1.71096157130872,68.4555031799613,2018-10-01,"Massachusetts"
1.72830087906222,70.5583658672041,2018-11-01,"Massachusetts"
1.86693297312289,74.4868362413234,2018-12-01,"Massachusetts"
1.93701722838833,78.0771625409825,2019-01-01,"Massachusetts"
1.98941800362292,76.5786198362215,2019-02-01,"Massachusetts"
2.0414841587968,81.6177116487767,2019-03-01,"Massachusetts"
2.0506343314665,80.9346746916949,2019-04-01,"Massachusetts"
2.12172623862696,82.2676052903529,2019-05-01,"Massachusetts"
2.28897396034378,89.1543973546935,2019-06-01,"Massachusetts"
2.29103347230049,92.1896372893893,2019-07-01,"Massachusetts"
2.32169306896385,89.075949247606,2019-08-01,"Massachusetts"
2.35019585217282,90.3569167035703,2019-09-01,"Massachusetts"
2.38846439317488,92.759927633825,2019-10-01,"Massachusetts"
2.41640673561515,92.1105255519118,2019-11-01,"Massachusetts"
2.439965390935,95.8148298591381,2019-12-01,"Massachusetts"
2.63334314930388,95.4714722455805,2020-01-01,"Massachusetts"
2.69671408046941,100.62001959842,2020-02-01,"Massachusetts"
0.00396020878292041,11.3151958443921,2000-01-01,"Maine"
0.00519123606165276,12.2517925835167,2000-02-01,"Maine"
0.00839344773519466,9.00923403136247,2000-03-01,"Maine"
0.0359222178889339,9.87115019369198,2000-04-01,"Maine"
0.0467405956891494,12.0809193576932,2000-05-01,"Maine"
0.0500382468758105,13.7999383670331,2000-06-01,"Maine"
0.0503474065596428,12.2580267015883,2000-07-01,"Maine"
0.0601044746449037,12.5606240581645,2000-08-01,"Maine"
0.0608494738685695,10.6492460076285,2000-09-01,"Maine"
0.0716158791664517,12.7025848440051,2000-10-01,"Maine"
0.0797232007326675,12.8382273915773,2000-11-01,"Maine"
0.0830745070399872,11.8237408188712,2000-12-01,"Maine"
0.089041117937282,9.74582683828437,2001-01-01,"Maine"
0.0911659269868756,7.17081945884091,2001-02-01,"Maine"
0.0944814098714088,14.8858103894464,2001-03-01,"Maine"
0.104106715726561,9.82100336249161,2001-04-01,"Maine"
0.104157186908011,6.95922199792444,2001-05-01,"Maine"
0.109490614775318,13.3829066003575,2001-06-01,"Maine"
0.110926616643314,11.026457352257,2001-07-01,"Maine"
0.116083355929563,9.0010543873465,2001-08-01,"Maine"
0.118882660397677,8.59291607015894,2001-09-01,"Maine"
0.125994111829642,6.54206869440353,2001-10-01,"Maine"
0.131235621085494,7.83244218110462,2001-11-01,"Maine"
0.143691578934071,12.1494069134856,2001-12-01,"Maine"
0.14834293593733,11.6960378389377,2002-01-01,"Maine"
0.149831338953017,7.14528802038123,2002-02-01,"Maine"
0.153945149428249,12.506056517213,2002-03-01,"Maine"
0.154155321810521,10.963308660131,2002-04-01,"Maine"
0.15441815484824,10.5114693314437,2002-05-01,"Maine"
0.163971237481234,11.5194070861516,2002-06-01,"Maine"
0.164242893387209,11.6076067649519,2002-07-01,"Maine"
0.164645874857704,8.48427258884926,2002-08-01,"Maine"
0.165425546330725,10.6397888798797,2002-09-01,"Maine"
0.174417555491529,9.14181294128265,2002-10-01,"Maine"
0.180731519459755,10.1197045866267,2002-11-01,"Maine"
0.193507248107458,13.4075443910758,2002-12-01,"Maine"
0.193596896944528,13.6722624140689,2003-01-01,"Maine"
0.208540427496384,11.9710878105284,2003-02-01,"Maine"
0.214317102603895,11.8206474236705,2003-03-01,"Maine"
0.222864821007526,8.97095273693954,2003-04-01,"Maine"
0.227915180824829,9.36371486551504,2003-05-01,"Maine"
0.231217430547357,11.5542945657848,2003-06-01,"Maine"
0.239895509970665,8.84610255950091,2003-07-01,"Maine"
0.24355924450843,10.2482129393745,2003-08-01,"Maine"
0.24549618766846,12.0815984339946,2003-09-01,"Maine"
0.24595819217494,11.8718032337372,2003-10-01,"Maine"
0.260241693435068,9.37131347703488,2003-11-01,"Maine"
0.266809330261075,10.3441721950871,2003-12-01,"Maine"
0.279028001308564,12.8357332084775,2004-01-01,"Maine"
0.289393438732317,11.0384910008012,2004-02-01,"Maine"
0.292194327015912,14.4436242644229,2004-03-01,"Maine"
0.297852589514851,9.08553923434094,2004-04-01,"Maine"
0.308809808758603,9.05728853612939,2004-05-01,"Maine"
0.314710517250874,11.1370422845525,2004-06-01,"Maine"
0.320735965177686,10.6171488090763,2004-07-01,"Maine"
0.321059925707318,13.1424266249633,2004-08-01,"Maine"
0.325807024999808,15.4204149883396,2004-09-01,"Maine"
0.339217810625521,12.8210398552906,2004-10-01,"Maine"
0.341942502234445,11.3209686877409,2004-11-01,"Maine"
0.346193161824669,11.5016036919289,2004-12-01,"Maine"
0.354509249165908,11.5752078218316,2005-01-01,"Maine"
0.364988131846089,13.5749849488349,2005-02-01,"Maine"
0.372338216454379,11.6715536761546,2005-03-01,"Maine"
0.373912677986237,12.8754607569245,2005-04-01,"Maine"
0.378733240505,12.1663958360428,2005-05-01,"Maine"
0.382429633530606,14.4410299044932,2005-06-01,"Maine"
0.395130096101861,11.8803096336527,2005-07-01,"Maine"
0.3952695332596,11.2281546257224,2005-08-01,"Maine"
0.408060048126171,11.7442509537928,2005-09-01,"Maine"
0.409251546300568,10.5989391431566,2005-10-01,"Maine"
0.426725886942267,10.1274664776621,2005-11-01,"Maine"
0.436162552189879,12.0850005479956,2005-12-01,"Maine"
0.43773884977277,10.4927558652798,2006-01-01,"Maine"
0.440332595128659,12.2001668214224,2006-02-01,"Maine"
0.444398707691814,10.7346172683843,2006-03-01,"Maine"
0.450108099007665,10.3278927509336,2006-04-01,"Maine"
0.453053232042263,11.9839147401751,2006-05-01,"Maine"
0.455122125042748,11.0582392424247,2006-06-01,"Maine"
0.459631129335933,12.2943871885625,2006-07-01,"Maine"
0.46285852334805,12.2812187996397,2006-08-01,"Maine"
0.471311374722432,14.020035783379,2006-09-01,"Maine"
0.481522177217374,13.4493993404179,2006-10-01,"Maine"
0.50095319163327,9.60525900368199,2006-11-01,"Maine"
0.517986621622937,12.5565693367627,2006-12-01,"Maine"
0.519841736290519,6.46827538317309,2007-01-01,"Maine"
0.524196270576006,11.8754577526617,2007-02-01,"Maine"
0.526100983842029,13.844862746152,2007-03-01,"Maine"
0.535476759513173,12.0036077624715,2007-04-01,"Maine"
0.555633560507163,10.4537427761246,2007-05-01,"Maine"
0.556299174016058,11.3574126977017,2007-06-01,"Maine"
0.583565209897551,8.43906297426873,2007-07-01,"Maine"
0.586399146788758,13.4644350827381,2007-08-01,"Maine"
0.587619931316701,9.77345905673798,2007-09-01,"Maine"
0.590287721676126,13.4850825510013,2007-10-01,"Maine"
0.591700973585499,11.6021576346767,2007-11-01,"Maine"
0.598214894965242,12.2250679111434,2007-12-01,"Maine"
0.600967123076421,8.30628090579933,2008-01-01,"Maine"
0.604337253541828,11.5790459219546,2008-02-01,"Maine"
0.605468380708724,14.4124566626976,2008-03-01,"Maine"
0.607197910181892,16.1082034894841,2008-04-01,"Maine"
0.608082643131835,9.29917298064088,2008-05-01,"Maine"
0.609202987893126,14.8508605517056,2008-06-01,"Maine"
0.610254968075282,11.7130690339884,2008-07-01,"Maine"
0.612015836416748,13.0777883544999,2008-08-01,"Maine"
0.613522702269108,14.1959353745373,2008-09-01,"Maine"
0.623776939662818,13.1378340749066,2008-10-01,"Maine"
0.626996905893034,6.52376451338476,2008-11-01,"Maine"
0.6314087399342,11.6496519094174,2008-12-01,"Maine"
0.635585973633825,12.7366707265496,2009-01-01,"Maine"
0.646381750520258,14.8882449167203,2009-02-01,"Maine"
0.648910479504258,14.3473914175693,2009-03-01,"Maine"
0.650883167153529,15.3554608825717,2009-04-01,"Maine"
0.653446229514687,13.0845153605308,2009-05-01,"Maine"
0.65752187596681,10.2938224575827,2009-06-01,"Maine"
0.659779625714531,12.5810468911752,2009-07-01,"Maine"
0.664640969038686,14.6055852796063,2009-08-01,"Maine"
0.669694487091939,11.5986615573031,2009-09-01,"Maine"
0.68010187086731,10.174565235299,2009-10-01,"Maine"
0.680465313934008,14.7584873186283,2009-11-01,"Maine"
0.6838471061393,13.9442084492461,2009-12-01,"Maine"
0.686780398219639,12.1046044109641,2010-01-01,"Maine"
0.705850364419331,15.976333185055,2010-02-01,"Maine"
0.706699576924224,11.1980698018956,2010-03-01,"Maine"
0.70678262533872,12.6182479076504,2010-04-01,"Maine"
0.710044767958607,12.9494410753047,2010-05-01,"Maine"
0.711095401991929,13.9111761232124,2010-06-01,"Maine"
0.711135274719497,13.0454295319946,2010-07-01,"Maine"
0.713971686427224,12.4484439389032,2010-08-01,"Maine"
0.724689313084419,12.7122019150148,2010-09-01,"Maine"
0.728395663471711,16.2026829939701,2010-10-01,"Maine"
0.744679600807453,10.297834152207,2010-11-01,"Maine"
0.762758425092201,17.6418397084391,2010-12-01,"Maine"
0.767078437284153,10.4776213487233,2011-01-01,"Maine"
0.769094586846593,11.6558101610414,2011-02-01,"Maine"
0.770784245038087,11.567017896973,2011-03-01,"Maine"
0.78332277807025,16.2064646933827,2011-04-01,"Maine"
0.785772986317362,10.5540822718725,2011-05-01,"Maine"
0.800569583290084,17.4703496190841,2011-06-01,"Maine"
0.820676635371611,18.3088254952937,2011-07-01,"Maine"
0.830986948900233,9.50344753003557,2011-08-01,"Maine"
0.856344394257974,11.8701177772569,2011-09-01,"Maine"
0.858361815676507,16.3892438137595,2011-10-01,"Maine"
0.870149029838836,12.6239206572882,2011-11-01,"Maine"
0.891924003734543,15.4934635955193,2011-12-01,"Maine"
0.89465382961732,15.8807758799365,2012-01-01,"Maine"
0.895887582018844,13.5801265819586,2012-02-01,"Maine"
0.897194076273348,14.6705634307343,2012-03-01,"Maine"
0.901476414799477,11.9638690150913,2012-04-01,"Maine"
0.911013720180258,15.523607141242,2012-05-01,"Maine"
0.91224223654109,13.7595183040389,2012-06-01,"Maine"
0.915784559727418,12.004742703041,2012-07-01,"Maine"
0.924479704367912,14.9172533714239,2012-08-01,"Maine"
0.926101370175557,13.4594313473345,2012-09-01,"Maine"
0.932118680784656,13.8813193624672,2012-10-01,"Maine"
0.932182671399069,10.3789757108795,2012-11-01,"Maine"
0.935036603625221,14.3551721826173,2012-12-01,"Maine"
0.935173258357591,15.2571638430842,2013-01-01,"Maine"
0.942201813212125,14.4418532953602,2013-02-01,"Maine"
0.944233087889149,15.0588019261312,2013-03-01,"Maine"
0.945147667662273,12.4757896413152,2013-04-01,"Maine"
0.948074169393143,15.7775206893544,2013-05-01,"Maine"
0.952097643505853,12.4005481113263,2013-06-01,"Maine"
0.954385616028162,14.0487495459575,2013-07-01,"Maine"
0.959430642773542,11.3859503456313,2013-08-01,"Maine"
0.965764842841555,12.0725927109002,2013-09-01,"Maine"
0.986274556972799,10.5976444756163,2013-10-01,"Maine"
0.990952262586228,14.5408354935149,2013-11-01,"Maine"
1.02862970731267,16.0692914180002,2013-12-01,"Maine"
1.03331442270754,14.8370533764447,2014-01-01,"Maine"
1.05145141725254,13.8404093422895,2014-02-01,"Maine"
1.05282890945021,14.4895156271279,2014-03-01,"Maine"
1.08109787356195,14.7580019624718,2014-04-01,"Maine"
1.08290823739443,15.1962626305459,2014-05-01,"Maine"
1.08737205669539,12.5439869749235,2014-06-01,"Maine"
1.09758006297165,14.1378671790958,2014-07-01,"Maine"
1.10969325722159,12.9557225741123,2014-08-01,"Maine"
1.1108398040263,14.4628904829183,2014-09-01,"Maine"
1.11703398462007,16.4955691829362,2014-10-01,"Maine"
1.12308654028853,16.9469217140256,2014-11-01,"Maine"
1.12775865351226,13.1315454966625,2014-12-01,"Maine"
1.13754402184557,14.091564343226,2015-01-01,"Maine"
1.14297032669926,14.8050927689375,2015-02-01,"Maine"
1.1499412041304,12.0916202746632,2015-03-01,"Maine"
1.1899927399869,17.6617778652482,2015-04-01,"Maine"
1.20287476876445,13.8387508168354,2015-05-01,"Maine"
1.20382466849142,15.0632955853323,2015-06-01,"Maine"
1.21902711599868,14.1824360300155,2015-07-01,"Maine"
1.22483650649591,13.9222951999631,2015-08-01,"Maine"
1.22491197735129,14.0917504455325,2015-09-01,"Maine"
1.22957430648631,17.1334240061606,2015-10-01,"Maine"
1.24181070245978,14.6414474878098,2015-11-01,"Maine"
1.24372940519786,14.1414830512534,2015-12-01,"Maine"
1.24732385621056,17.1567295759694,2016-01-01,"Maine"
1.25641626086531,13.5814045656796,2016-02-01,"Maine"
1.2768132630106,18.189368949772,2016-03-01,"Maine"
1.29279474291666,12.0679184830863,2016-04-01,"Maine"
1.30910545232548,15.4736876228551,2016-05-01,"Maine"
1.31038255179012,14.9786410625699,2016-06-01,"Maine"
1.31474622002903,15.9079615357748,2016-07-01,"Maine"
1.31812858827542,14.5470855182041,2016-08-01,"Maine"
1.31882651902488,17.8473542550935,2016-09-01,"Maine"
1.32412264562243,15.9400145500723,2016-10-01,"Maine"
1.36566443197426,15.3801798785488,2016-11-01,"Maine"
1.37238878996695,13.7484234383658,2016-12-01,"Maine"
1.37371485668173,16.2471504990746,2017-01-01,"Maine"
1.38743675485933,19.0241221125006,2017-02-01,"Maine"
1.40280615235607,15.2972821508515,2017-03-01,"Maine"
1.40377917882492,16.0484203161878,2017-04-01,"Maine"
1.41893881663358,13.4585776194951,2017-05-01,"Maine"
1.44194703096793,16.1398639149087,2017-06-01,"Maine"
1.44358106994102,15.4246486945432,2017-07-01,"Maine"
1.47684908550707,15.257513034209,2017-08-01,"Maine"
1.49557186949511,14.8188338377832,2017-09-01,"Maine"
1.52630344568394,13.0425540072278,2017-10-01,"Maine"
1.53142689903764,16.835660847053,2017-11-01,"Maine"
1.53995817339429,20.3276330318482,2017-12-01,"Maine"
1.56047460028779,16.9607322979464,2018-01-01,"Maine"
1.58109860229416,16.3356012449229,2018-02-01,"Maine"
1.59440482671387,16.5714849453809,2018-03-01,"Maine"
1.59872384924478,17.4166863238668,2018-04-01,"Maine"
1.65058918538318,14.3141348365982,2018-05-01,"Maine"
1.73747657998486,16.91615991603,2018-06-01,"Maine"
1.74209149104184,16.9631693698317,2018-07-01,"Maine"
1.77015118896015,13.3638817986217,2018-08-01,"Maine"
1.79410070423225,17.4521875046321,2018-09-01,"Maine"
1.82585293288089,15.1460215132517,2018-10-01,"Maine"
1.83996973103049,13.5168148547394,2018-11-01,"Maine"
1.84245350893215,17.8266192023619,2018-12-01,"Maine"
1.8566931089386,16.794419347456,2019-01-01,"Maine"
1.88449566888625,16.0327145419355,2019-02-01,"Maine"
2.01260871402145,21.9746467350615,2019-03-01,"Maine"
2.06764853761528,20.0475012762752,2019-04-01,"Maine"
2.13107438240417,17.2512594176844,2019-05-01,"Maine"
2.30563726651934,17.891176029457,2019-06-01,"Maine"
2.34229724446849,21.5819917007159,2019-07-01,"Maine"
2.37542004968493,18.4034576076942,2019-08-01,"Maine"
2.38647043517389,15.2169615222236,2019-09-01,"Maine"
2.4004537251109,19.8152565089694,2019-10-01,"Maine"
2.45262594662904,19.7205511677856,2019-11-01,"Maine"
2.53515766223209,20.0881179504957,2019-12-01,"Maine"
2.58176438200273,21.9499790543524,2020-01-01,"Maine"
2.82142993245892,21.8568558270652,2020-02-01,"Maine"
